<BugfixVersion>0</BugfixVersion>
<Events>
<Event>
<Actions>
<Action>
<ForceClose>0</ForceClose>
<ShutDownSelection>Shutdown</ShutDownSelection>
<Type>Shutdown computer</Type>
</Action></Actions>
<Category>Accessor</Category>
<Conditions>
</Conditions>
<DeleteAfterUse>0</DeleteAfterUse>
<Description>This event provides a Shutdown command for the Accessor launcher.</Description>
<DisableAfterUse>0</DisableAfterUse>
<Enabled>1</Enabled>
<EventComplexityLevel>0</EventComplexityLevel>
<ID>1654</ID>
<Name>Accessor: Shutdown</Name>
<OfficialEvent>53</OfficialEvent>
<OneInstance>0</OneInstance>
<Trigger>
<ButtonText>Shutdown</ButtonText>
<Icon>%SystemRoot%\system32\SHELL32.dll,28</Icon>
<Keyword>Shutdown</Keyword>
<Title>Shutdown Windows</Title>
<Type>Accessor Trigger</Type>
</Trigger>
</Event><Event>
<Actions>
<Action>
<ForceClose>0</ForceClose>
<ShutDownSelection>Hibernate</ShutDownSelection>
<Type>Shutdown computer</Type>
</Action></Actions>
<Category>Accessor</Category>
<Conditions>
</Conditions>
<DeleteAfterUse>0</DeleteAfterUse>
<Description>This event provides a Hibernate command for the Accessor launcher.</Description>
<DisableAfterUse>0</DisableAfterUse>
<Enabled>1</Enabled>
<EventComplexityLevel>0</EventComplexityLevel>
<ID>1655</ID>
<Name>Accessor: Hibernate</Name>
<OfficialEvent>54</OfficialEvent>
<OneInstance>0</OneInstance>
<Trigger>
<ButtonText>Hibernate</ButtonText>
<Icon>%SystemRoot%\system32\SHELL32.dll,113</Icon>
<Keyword>Hibernate</Keyword>
<Title>Go into hibernation</Title>
<Type>Accessor Trigger</Type>
</Trigger>
</Event><Event>
<Actions>
<Action>
<ForceClose>0</ForceClose>
<ShutDownSelection>Standby</ShutDownSelection>
<Type>Shutdown computer</Type>
</Action></Actions>
<Category>Accessor</Category>
<Conditions>
</Conditions>
<DeleteAfterUse>0</DeleteAfterUse>
<Description>This event provides a Standby command for the Accessor launcher.</Description>
<DisableAfterUse>0</DisableAfterUse>
<Enabled>1</Enabled>
<EventComplexityLevel>0</EventComplexityLevel>
<ID>1656</ID>
<Name>Accessor: Standby</Name>
<OfficialEvent>55</OfficialEvent>
<OneInstance>0</OneInstance>
<Trigger>
<ButtonText>Standby</ButtonText>
<Icon>%SystemRoot%\system32\SHELL32.dll,123</Icon>
<Keyword>Standby</Keyword>
<Title>Go into Standby</Title>
<Type>Accessor Trigger</Type>
</Trigger>
</Event><Event>
<Actions>
<Action>
<ForceClose>0</ForceClose>
<ShutDownSelection>Reboot</ShutDownSelection>
<Type>Shutdown computer</Type>
</Action></Actions>
<Category>Accessor</Category>
<Conditions>
</Conditions>
<DeleteAfterUse>0</DeleteAfterUse>
<Description>This event provides a Reboot command for the Accessor launcher.</Description>
<DisableAfterUse>0</DisableAfterUse>
<Enabled>1</Enabled>
<EventComplexityLevel>0</EventComplexityLevel>
<ID>1657</ID>
<Name>Accessor: Reboot</Name>
<OfficialEvent>56</OfficialEvent>
<OneInstance>0</OneInstance>
<Trigger>
<ButtonText>Reboot</ButtonText>
<Icon>%SystemRoot%\system32\SHELL32.dll,239</Icon>
<Keyword>Reboot</Keyword>
<Title>Reboot Windows</Title>
<Type>Accessor Trigger</Type>
</Trigger>
</Event><Event>
<Actions>
<Action>
<ForceClose>0</ForceClose>
<ShutDownSelection>LogOff</ShutDownSelection>
<Type>Shutdown computer</Type>
</Action></Actions>
<Category>Accessor</Category>
<Conditions>
</Conditions>
<DeleteAfterUse>0</DeleteAfterUse>
<Description>This event provides a Log Off command for the Accessor launcher.</Description>
<DisableAfterUse>0</DisableAfterUse>
<Enabled>1</Enabled>
<EventComplexityLevel>0</EventComplexityLevel>
<ID>1658</ID>
<Name>Accessor: Log Off</Name>
<OfficialEvent>57</OfficialEvent>
<OneInstance>0</OneInstance>
<Trigger>
<ButtonText>Log Off</ButtonText>
<Icon>%SystemRoot%\system32\SHELL32.dll,161</Icon>
<Keyword>LogOff</Keyword>
<Title>Log off the current user</Title>
<Type>Accessor Trigger</Type>
</Trigger>
</Event><Event>
<Actions>
<Action>
<ForceClose>0</ForceClose>
<ShutDownSelection>Lock Workstation</ShutDownSelection>
<Type>Shutdown computer</Type>
</Action></Actions>
<Category>Accessor</Category>
<Conditions>
</Conditions>
<DeleteAfterUse>0</DeleteAfterUse>
<Description>This event provides a command for the Accessor launcher to lock the computer.</Description>
<DisableAfterUse>0</DisableAfterUse>
<Enabled>1</Enabled>
<EventComplexityLevel>0</EventComplexityLevel>
<ID>1659</ID>
<Name>Accessor: Lock workstation</Name>
<OfficialEvent>58</OfficialEvent>
<OneInstance>0</OneInstance>
<Trigger>
<ButtonText>Lock</ButtonText>
<Icon>%SystemRoot%\system32\SHELL32.dll,45</Icon>
<Keyword>Lock</Keyword>
<Title>Lock workstation</Title>
<Type>Accessor Trigger</Type>
</Trigger>
</Event><Event>
<Actions>
<Action>
<Text>${Acc1}</Text>
<Timeout>0</Timeout>
<Title>7plus</Title>
<Type>Message</Type>
</Action></Actions>
<Category>Accessor</Category>
<Conditions>
</Conditions>
<DeleteAfterUse>0</DeleteAfterUse>
<Description>This event provides a command for the Accessor launcher to lock the computer.</Description>
<DisableAfterUse>0</DisableAfterUse>
<Enabled>1</Enabled>
<EventComplexityLevel>0</EventComplexityLevel>
<ID>1662</ID>
<Name>Accessor: Lock workstation</Name>
<OfficialEvent>61</OfficialEvent>
<OneInstance>0</OneInstance>
<Trigger>
<ButtonText>Message</ButtonText>
<Icon>%SystemRoot%\system32\SHELL32.dll,115</Icon>
<Keyword>Message</Keyword>
<Path>${Acc1}</Path>
<Title>Show Message:</Title>
<Type>Accessor Trigger</Type>
</Trigger>
</Event><Event>
<Actions>
<Action>
<Text>${AccAll}</Text>
<Type>Speak text</Type>
</Action></Actions>
<Category>Accessor</Category>
<Conditions>
</Conditions>
<DeleteAfterUse>0</DeleteAfterUse>
<Description>This event creates the possibility to use voice output with Accessor by typing "say text".</Description>
<DisableAfterUse>0</DisableAfterUse>
<Enabled>1</Enabled>
<EventComplexityLevel>0</EventComplexityLevel>
<ID>1664</ID>
<Name>Accessor: Voice output</Name>
<OfficialEvent>63</OfficialEvent>
<OneInstance>0</OneInstance>
<Trigger>
<ButtonText>Say</ButtonText>
<Detail1></Detail1>
<Icon>%SystemRoot%\system32\SHELL32.dll,173</Icon>
<Keyword>Say</Keyword>
<Path>${AccAll}</Path>
<Title>Speak text:</Title>
<Type>Accessor Trigger</Type>
</Trigger>
</Event><Event>
<Actions>
<Action>
<Attach></Attach>
<Body>${AccAll}</Body>
<Tag>#tweet</Tag>
<Type>Trigger an "If this then that" recipe</Type>
</Action></Actions>
<Category>Accessor</Category>
<Conditions>
</Conditions>
<DeleteAfterUse>0</DeleteAfterUse>
<Description>Post a tweet from within the Accessor by writing "tweet Text". This event works in conjunction with the &lt;A HREF="www.ifttt.com"&gt;If this then that&lt;/A&gt; integration so it requires an account at this web service and you need to enter the login details of the email address you use for it &lt;A HREF="Settings:If this then that Integration"&gt;here&lt;/A&gt;. Additionally, you need to use &lt;A HREF="http://ifttt.com/recipes/50333"&gt;this recipe&lt;/A&gt;.</Description>
<DisableAfterUse>0</DisableAfterUse>
<Enabled>1</Enabled>
<EventComplexityLevel>0</EventComplexityLevel>
<ID>1665</ID>
<Name>Accessor & IFTTT: Post a tweet</Name>
<OfficialEvent>15</OfficialEvent>
<OneInstance>0</OneInstance>
<Trigger>
<ButtonText>Post</ButtonText>
<Detail1></Detail1>
<Icon>%7plusDir%\Icons\twitter.ico</Icon>
<Keyword>Tweet</Keyword>
<Path>${AccAll}</Path>
<Title>Tweet</Title>
<Type>Accessor Trigger</Type>
</Trigger>
</Event><Event>
<Actions>
<Action>
<Slot>1</Slot>
<Type>AccessorProgramButton</Type>
</Action></Actions>
<Category>Accessor</Category>
<Conditions>
</Conditions>
<DeleteAfterUse>0</DeleteAfterUse>
<Description>This event executes the program/file/folder defined in the first slot in the Accessor window.</Description>
<DisableAfterUse>0</DisableAfterUse>
<Enabled>1</Enabled>
<EventComplexityLevel>1</EventComplexityLevel>
<ID>1666</ID>
<Name>Execute Accessor Program Button 1</Name>
<OfficialEvent>18</OfficialEvent>
<OneInstance>0</OneInstance>
<Trigger>
<Key>#F1</Key>
<Type>Hotkey</Type>
</Trigger>
</Event><Event>
<Actions>
<Action>
<Slot>2</Slot>
<Type>AccessorProgramButton</Type>
</Action></Actions>
<Category>Accessor</Category>
<Conditions>
</Conditions>
<DeleteAfterUse>0</DeleteAfterUse>
<Description>This event executes the program/file/folder defined in the second slot in the Accessor window.</Description>
<DisableAfterUse>0</DisableAfterUse>
<Enabled>1</Enabled>
<EventComplexityLevel>1</EventComplexityLevel>
<ID>1667</ID>
<Name>Execute Accessor Program Button 2</Name>
<OfficialEvent>51</OfficialEvent>
<OneInstance>0</OneInstance>
<Trigger>
<Key>#F2</Key>
<Type>Hotkey</Type>
</Trigger>
</Event><Event>
<Actions>
<Action>
<Slot>3</Slot>
<Type>AccessorProgramButton</Type>
</Action></Actions>
<Category>Accessor</Category>
<Conditions>
</Conditions>
<DeleteAfterUse>0</DeleteAfterUse>
<Description>This event executes the program/file/folder defined in the third slot in the Accessor window.</Description>
<DisableAfterUse>0</DisableAfterUse>
<Enabled>1</Enabled>
<EventComplexityLevel>1</EventComplexityLevel>
<ID>1668</ID>
<Name>Execute Accessor Program Button 3</Name>
<OfficialEvent>64</OfficialEvent>
<OneInstance>0</OneInstance>
<Trigger>
<Key>#F3</Key>
<Type>Hotkey</Type>
</Trigger>
</Event><Event>
<Actions>
<Action>
<Slot>4</Slot>
<Type>AccessorProgramButton</Type>
</Action></Actions>
<Category>Accessor</Category>
<Conditions>
</Conditions>
<DeleteAfterUse>0</DeleteAfterUse>
<Description>This event executes the program/file/folder defined in the 4th slot in the Accessor window.</Description>
<DisableAfterUse>0</DisableAfterUse>
<Enabled>1</Enabled>
<EventComplexityLevel>1</EventComplexityLevel>
<ID>1669</ID>
<Name>Execute Accessor Program Button 4</Name>
<OfficialEvent>65</OfficialEvent>
<OneInstance>0</OneInstance>
<Trigger>
<Key>#F4</Key>
<Type>Hotkey</Type>
</Trigger>
</Event><Event>
<Actions>
<Action>
<Slot>5</Slot>
<Type>AccessorProgramButton</Type>
</Action></Actions>
<Category>Accessor</Category>
<Conditions>
</Conditions>
<DeleteAfterUse>0</DeleteAfterUse>
<Description>This event executes the program/file/folder defined in the 5th slot in the Accessor window.</Description>
<DisableAfterUse>0</DisableAfterUse>
<Enabled>1</Enabled>
<EventComplexityLevel>1</EventComplexityLevel>
<ID>1670</ID>
<Name>Execute Accessor Program Button 5</Name>
<OfficialEvent>66</OfficialEvent>
<OneInstance>0</OneInstance>
<Trigger>
<Key>#F5</Key>
<Type>Hotkey</Type>
</Trigger>
</Event><Event>
<Actions>
<Action>
<Slot>6</Slot>
<Type>AccessorProgramButton</Type>
</Action></Actions>
<Category>Accessor</Category>
<Conditions>
</Conditions>
<DeleteAfterUse>0</DeleteAfterUse>
<Description>This event executes the program/file/folder defined in the 6th slot in the Accessor window.</Description>
<DisableAfterUse>0</DisableAfterUse>
<Enabled>1</Enabled>
<EventComplexityLevel>1</EventComplexityLevel>
<ID>1671</ID>
<Name>Execute Accessor Program Button 6</Name>
<OfficialEvent>67</OfficialEvent>
<OneInstance>0</OneInstance>
<Trigger>
<Key>#F6</Key>
<Type>Hotkey</Type>
</Trigger>
</Event><Event>
<Actions>
<Action>
<Slot>7</Slot>
<Type>AccessorProgramButton</Type>
</Action></Actions>
<Category>Accessor</Category>
<Conditions>
</Conditions>
<DeleteAfterUse>0</DeleteAfterUse>
<Description>This event executes the program/file/folder defined in the 7th slot in the Accessor window.</Description>
<DisableAfterUse>0</DisableAfterUse>
<Enabled>1</Enabled>
<EventComplexityLevel>1</EventComplexityLevel>
<ID>1672</ID>
<Name>Execute Accessor Program Button 7</Name>
<OfficialEvent>68</OfficialEvent>
<OneInstance>0</OneInstance>
<Trigger>
<Key>#F7</Key>
<Type>Hotkey</Type>
</Trigger>
</Event><Event>
<Actions>
<Action>
<Slot>8</Slot>
<Type>AccessorProgramButton</Type>
</Action></Actions>
<Category>Accessor</Category>
<Conditions>
</Conditions>
<DeleteAfterUse>0</DeleteAfterUse>
<Description>This event executes the program/file/folder defined in the 8th slot in the Accessor window.</Description>
<DisableAfterUse>0</DisableAfterUse>
<Enabled>1</Enabled>
<EventComplexityLevel>1</EventComplexityLevel>
<ID>1673</ID>
<Name>Execute Accessor Program Button 8</Name>
<OfficialEvent>69</OfficialEvent>
<OneInstance>0</OneInstance>
<Trigger>
<Key>#F8</Key>
<Type>Hotkey</Type>
</Trigger>
</Event><Event>
<Actions>
<Action>
<Slot>9</Slot>
<Type>AccessorProgramButton</Type>
</Action></Actions>
<Category>Accessor</Category>
<Conditions>
</Conditions>
<DeleteAfterUse>0</DeleteAfterUse>
<Description>This event executes the program/file/folder defined in the 9th slot in the Accessor window.</Description>
<DisableAfterUse>0</DisableAfterUse>
<Enabled>1</Enabled>
<EventComplexityLevel>1</EventComplexityLevel>
<ID>1674</ID>
<Name>Execute Accessor Program Button 9</Name>
<OfficialEvent>70</OfficialEvent>
<OneInstance>0</OneInstance>
<Trigger>
<Key>#F9</Key>
<Type>Hotkey</Type>
</Trigger>
</Event><Event>
<Actions>
<Action>
<Slot>10</Slot>
<Type>AccessorProgramButton</Type>
</Action></Actions>
<Category>Accessor</Category>
<Conditions>
</Conditions>
<DeleteAfterUse>0</DeleteAfterUse>
<Description>This event executes the program/file/folder defined in the 10th slot in the Accessor window.</Description>
<DisableAfterUse>0</DisableAfterUse>
<Enabled>1</Enabled>
<EventComplexityLevel>1</EventComplexityLevel>
<ID>1675</ID>
<Name>Execute Accessor Program Button 10</Name>
<OfficialEvent>71</OfficialEvent>
<OneInstance>0</OneInstance>
<Trigger>
<Key>#F10</Key>
<Type>Hotkey</Type>
</Trigger>
</Event><Event>
<Actions>
<Action>
<Slot>11</Slot>
<Type>AccessorProgramButton</Type>
</Action></Actions>
<Category>Accessor</Category>
<Conditions>
</Conditions>
<DeleteAfterUse>0</DeleteAfterUse>
<Description>This event executes the program/file/folder defined in the 11th slot in the Accessor window.</Description>
<DisableAfterUse>0</DisableAfterUse>
<Enabled>1</Enabled>
<EventComplexityLevel>1</EventComplexityLevel>
<ID>1676</ID>
<Name>Execute Accessor Program Button 11</Name>
<OfficialEvent>72</OfficialEvent>
<OneInstance>0</OneInstance>
<Trigger>
<Key>#F11</Key>
<Type>Hotkey</Type>
</Trigger>
</Event><Event>
<Actions>
<Action>
<Slot>12</Slot>
<Type>AccessorProgramButton</Type>
</Action></Actions>
<Category>Accessor</Category>
<Conditions>
</Conditions>
<DeleteAfterUse>0</DeleteAfterUse>
<Description>This event executes the program/file/folder defined in the 12th slot in the Accessor window.</Description>
<DisableAfterUse>0</DisableAfterUse>
<Enabled>1</Enabled>
<EventComplexityLevel>1</EventComplexityLevel>
<ID>1677</ID>
<Name>Execute Accessor Program Button 12</Name>
<OfficialEvent>73</OfficialEvent>
<OneInstance>0</OneInstance>
<Trigger>
<Key>#F12</Key>
<Type>Hotkey</Type>
</Trigger>
</Event><Event>
<Actions>
<Action>
<Slot>13</Slot>
<Type>AccessorProgramButton</Type>
</Action></Actions>
<Category>Accessor</Category>
<Conditions>
</Conditions>
<DeleteAfterUse>0</DeleteAfterUse>
<Description>This event executes the program/file/folder defined in the 13th slot in the Accessor window.</Description>
<DisableAfterUse>0</DisableAfterUse>
<Enabled>1</Enabled>
<EventComplexityLevel>1</EventComplexityLevel>
<ID>1678</ID>
<Name>Execute Accessor Program Button 13</Name>
<OfficialEvent>74</OfficialEvent>
<OneInstance>0</OneInstance>
<Trigger>
<Key>#F13</Key>
<Type>Hotkey</Type>
</Trigger>
</Event><Event>
<Actions>
<Action>
<Slot>14</Slot>
<Type>AccessorProgramButton</Type>
</Action></Actions>
<Category>Accessor</Category>
<Conditions>
</Conditions>
<DeleteAfterUse>0</DeleteAfterUse>
<Description>This event executes the program/file/folder defined in the 14th slot in the Accessor window.</Description>
<DisableAfterUse>0</DisableAfterUse>
<Enabled>1</Enabled>
<EventComplexityLevel>1</EventComplexityLevel>
<ID>1679</ID>
<Name>Execute Accessor Program Button 14</Name>
<OfficialEvent>75</OfficialEvent>
<OneInstance>0</OneInstance>
<Trigger>
<Key>#F14</Key>
<Type>Hotkey</Type>
</Trigger>
</Event><Event>
<Actions>
<Action>
<Slot>15</Slot>
<Type>AccessorProgramButton</Type>
</Action></Actions>
<Category>Accessor</Category>
<Conditions>
</Conditions>
<DeleteAfterUse>0</DeleteAfterUse>
<Description>This event executes the program/file/folder defined in the 15th slot in the Accessor window.</Description>
<DisableAfterUse>0</DisableAfterUse>
<Enabled>1</Enabled>
<EventComplexityLevel>1</EventComplexityLevel>
<ID>1680</ID>
<Name>Execute Accessor Program Button 15</Name>
<OfficialEvent>76</OfficialEvent>
<OneInstance>0</OneInstance>
<Trigger>
<Key>#F15</Key>
<Type>Hotkey</Type>
</Trigger>
</Event><Event>
<Actions>
<Action>
<Slot>16</Slot>
<Type>AccessorProgramButton</Type>
</Action></Actions>
<Category>Accessor</Category>
<Conditions>
</Conditions>
<DeleteAfterUse>0</DeleteAfterUse>
<Description>This event executes the program/file/folder defined in the 16th slot in the Accessor window.</Description>
<DisableAfterUse>0</DisableAfterUse>
<Enabled>1</Enabled>
<EventComplexityLevel>1</EventComplexityLevel>
<ID>1681</ID>
<Name>Execute Accessor Program Button 16</Name>
<OfficialEvent>77</OfficialEvent>
<OneInstance>0</OneInstance>
<Trigger>
<Key>#F16</Key>
<Type>Hotkey</Type>
</Trigger>
</Event><Event>
<Actions>
<Action>
<Slot>17</Slot>
<Type>AccessorProgramButton</Type>
</Action></Actions>
<Category>Accessor</Category>
<Conditions>
</Conditions>
<DeleteAfterUse>0</DeleteAfterUse>
<Description>This event executes the program/file/folder defined in the 17th slot in the Accessor window.</Description>
<DisableAfterUse>0</DisableAfterUse>
<Enabled>1</Enabled>
<EventComplexityLevel>1</EventComplexityLevel>
<ID>1682</ID>
<Name>Execute Accessor Program Button 17</Name>
<OfficialEvent>78</OfficialEvent>
<OneInstance>0</OneInstance>
<Trigger>
<Key>#F17</Key>
<Type>Hotkey</Type>
</Trigger>
</Event><Event>
<Actions>
<Action>
<Slot>18</Slot>
<Type>AccessorProgramButton</Type>
</Action></Actions>
<Category>Accessor</Category>
<Conditions>
</Conditions>
<DeleteAfterUse>0</DeleteAfterUse>
<Description>This event executes the program/file/folder defined in the 18th slot in the Accessor window.</Description>
<DisableAfterUse>0</DisableAfterUse>
<Enabled>1</Enabled>
<EventComplexityLevel>1</EventComplexityLevel>
<ID>1683</ID>
<Name>Execute Accessor Program Button 18</Name>
<OfficialEvent>79</OfficialEvent>
<OneInstance>0</OneInstance>
<Trigger>
<Key>#F18</Key>
<Type>Hotkey</Type>
</Trigger>
</Event></Events>
<MajorVersion>2</MajorVersion>
<MinorVersion>6</MinorVersion>
