<BugfixVersion>0</BugfixVersion>
<Events>
<Event>
<Actions>
<Action>
<Command>cmd.exe /k cd /D "${TitlePath}\"</Command>
<RunAsAdmin>0</RunAsAdmin>
<Type>Run a program</Type>
<WaitForFinish>0</WaitForFinish>
</Action></Actions>
<Category>File Dialog</Category>
<Conditions>
<Condition>
<ListViewOnly>1</ListViewOnly>
<Negate>0</Negate>
<Type>Window is file dialog</Type>
</Condition></Conditions>
<DeleteAfterUse>0</DeleteAfterUse>
<Description>Open CMD in the current directory of the active file dialog window.</Description>
<DisableAfterUse>0</DisableAfterUse>
<Enabled>1</Enabled>
<EventComplexityLevel>0</EventComplexityLevel>
<ID>596</ID>
<Name>Run CMD in current directory</Name>
<OfficialEvent>597</OfficialEvent>
<OneInstance>0</OneInstance>
<Trigger>
<Key>#C</Key>
<Type>Hotkey</Type>
</Trigger>
</Event><Event>
<Actions>
<Action>
<Append>1</Append>
<Clear>0</Clear>
<Content>${SelNM}</Content>
<Cut>0</Cut>
<InsertType>File</InsertType>
<Type>Write to clipboard</Type>
</Action></Actions>
<Category>File Dialog</Category>
<Conditions>
<Condition>
<ListViewOnly>1</ListViewOnly>
<Negate>0</Negate>
<Type>Window is file dialog</Type>
</Condition><Condition>
<Negate>1</Negate>
<Type>Explorer is renaming</Type>
</Condition><Condition>
<Compare>${Control}</Compare>
<Negate>0</Negate>
<Operator>matches regular expression</Operator>
<Type>If</Type>
<With>(DirectUIHWND2|SysListView321)</With>
</Condition></Conditions>
<DeleteAfterUse>0</DeleteAfterUse>
<Description>Append selected files to clipboard, instead of replacing the current files on the clipboard.</Description>
<DisableAfterUse>0</DisableAfterUse>
<Enabled>0</Enabled>
<EventComplexityLevel>1</EventComplexityLevel>
<ID>597</ID>
<Name>Append file(s) to clipboard</Name>
<OfficialEvent>598</OfficialEvent>
<OneInstance>0</OneInstance>
<Trigger>
<Key>+C</Key>
<Type>Hotkey</Type>
</Trigger>
</Event><Event>
<Actions>
<Action>
<Append>1</Append>
<Clear>0</Clear>
<Content>${SelNM}</Content>
<Cut>1</Cut>
<InsertType>File</InsertType>
<Type>Write to clipboard</Type>
</Action></Actions>
<Category>File Dialog</Category>
<Conditions>
<Condition>
<ListViewOnly>1</ListViewOnly>
<Negate>0</Negate>
<Type>Window is file dialog</Type>
</Condition><Condition>
<Negate>1</Negate>
<Type>Explorer is renaming</Type>
</Condition><Condition>
<Compare>${Control}</Compare>
<Negate>0</Negate>
<Operator>matches regular expression</Operator>
<Type>If</Type>
<With>(DirectUIHWND2|SysListView321)</With>
</Condition></Conditions>
<DeleteAfterUse>0</DeleteAfterUse>
<Description>Append selected files to clipboard, instead of replacing the current files on the clipboard. The clipboard will be set to perform a paste operation.</Description>
<DisableAfterUse>0</DisableAfterUse>
<Enabled>0</Enabled>
<EventComplexityLevel>1</EventComplexityLevel>
<ID>598</ID>
<Name>Append file(s) to clipboard: Cut</Name>
<OfficialEvent>599</OfficialEvent>
<OneInstance>0</OneInstance>
<Trigger>
<Key>+X</Key>
<Type>Hotkey</Type>
</Trigger>
</Event><Event>
<Actions>
<Action>
<Path>Upward</Path>
<Type>Set current directory</Type>
<WindowMatchType>Active</WindowMatchType>
</Action></Actions>
<Category>File Dialog</Category>
<Conditions>
<Condition>
<ListViewOnly>1</ListViewOnly>
<Negate>0</Negate>
<Type>Window is file dialog</Type>
</Condition><Condition>
<Negate>1</Negate>
<Type>Explorer is renaming</Type>
</Condition><Condition>
<Compare>${Control}</Compare>
<Negate>0</Negate>
<Operator>equals</Operator>
<Type>If</Type>
<With>DirectUIHWND2</With>
</Condition></Conditions>
<DeleteAfterUse>0</DeleteAfterUse>
<Description>Make backspace go upwards in file dialogs, like in the good ol' XP.</Description>
<DisableAfterUse>0</DisableAfterUse>
<Enabled>0</Enabled>
<EventComplexityLevel>0</EventComplexityLevel>
<ID>600</ID>
<Name>Make backspace go upwards</Name>
<OfficialEvent>601</OfficialEvent>
<OneInstance>0</OneInstance>
<Trigger>
<Key>Backspace</Key>
<Type>Hotkey</Type>
</Trigger>
</Event><Event>
<Actions>
<Action>
<Append>0</Append>
<Clear>1</Clear>
<Content>${SelNNEM}</Content>
<Cut>0</Cut>
<InsertType>Text</InsertType>
<Type>Write to clipboard</Type>
</Action></Actions>
<Category>File Dialog</Category>
<Conditions>
<Condition>
<Compare>${Control}</Compare>
<Negate>0</Negate>
<Operator>equals</Operator>
<Type>If</Type>
<With>DirectUIHWND2</With>
</Condition><Condition>
<ListViewOnly>1</ListViewOnly>
<Negate>0</Negate>
<Type>Window is file dialog</Type>
</Condition></Conditions>
<DeleteAfterUse>0</DeleteAfterUse>
<Description>Copy the names of the selected files to the clipboard.</Description>
<DisableAfterUse>0</DisableAfterUse>
<Enabled>0</Enabled>
<EventComplexityLevel>0</EventComplexityLevel>
<ID>816</ID>
<Name>Copy filenames to clipboard</Name>
<OfficialEvent>817</OfficialEvent>
<OneInstance>1</OneInstance>
<Trigger>
<Key>!C</Key>
<Type>Hotkey</Type>
</Trigger>
</Event><Event>
<Actions>
<Action>
<Append>0</Append>
<Clear>1</Clear>
<Content>${SelNM}</Content>
<Cut>0</Cut>
<InsertType>Text</InsertType>
<Type>Write to clipboard</Type>
</Action></Actions>
<Category>File Dialog</Category>
<Conditions>
<Condition>
<Compare>${Control}</Compare>
<Negate>0</Negate>
<Operator>equals</Operator>
<Type>If</Type>
<With>DirectUIHWND2</With>
</Condition><Condition>
<ListViewOnly>1</ListViewOnly>
<Negate>0</Negate>
<Type>Window is file dialog</Type>
</Condition></Conditions>
<DeleteAfterUse>0</DeleteAfterUse>
<Description>Copy the paths of the selected files to the clipboard.</Description>
<DisableAfterUse>0</DisableAfterUse>
<Enabled>0</Enabled>
<EventComplexityLevel>0</EventComplexityLevel>
<ID>817</ID>
<Name>Copy full filepaths to clipboard</Name>
<OfficialEvent>818</OfficialEvent>
<OneInstance>1</OneInstance>
<Trigger>
<Key>^!C</Key>
<Type>Hotkey</Type>
</Trigger>
</Event><Event>
<Actions>
<Action>
<Append>1</Append>
<Clear>1</Clear>
<Content>${SelNNEM}</Content>
<Cut>0</Cut>
<InsertType>Text</InsertType>
<Type>Write to clipboard</Type>
</Action></Actions>
<Category>File Dialog</Category>
<Conditions>
<Condition>
<Compare>${Control}</Compare>
<Negate>0</Negate>
<Operator>equals</Operator>
<Type>If</Type>
<With>DirectUIHWND2</With>
</Condition><Condition>
<ListViewOnly>1</ListViewOnly>
<Negate>0</Negate>
<Type>Window is file dialog</Type>
</Condition></Conditions>
<DeleteAfterUse>0</DeleteAfterUse>
<Description>Append the names of the selected files to the clipboard.</Description>
<DisableAfterUse>0</DisableAfterUse>
<Enabled>0</Enabled>
<EventComplexityLevel>1</EventComplexityLevel>
<ID>818</ID>
<Name>Append filenames to clipboard</Name>
<OfficialEvent>819</OfficialEvent>
<OneInstance>1</OneInstance>
<Trigger>
<Key>+!C</Key>
<Type>Hotkey</Type>
</Trigger>
</Event><Event>
<Actions>
<Action>
<Append>1</Append>
<Clear>1</Clear>
<Content>${SelNM}</Content>
<Cut>0</Cut>
<InsertType>Text</InsertType>
<Type>Write to clipboard</Type>
</Action></Actions>
<Category>File Dialog</Category>
<Conditions>
<Condition>
<Compare>${Control}</Compare>
<Negate>0</Negate>
<Operator>equals</Operator>
<Type>If</Type>
<With>DirectUIHWND2</With>
</Condition><Condition>
<ListViewOnly>1</ListViewOnly>
<Negate>0</Negate>
<Type>Window is file dialog</Type>
</Condition></Conditions>
<DeleteAfterUse>0</DeleteAfterUse>
<Description>Append the paths of the selected files to the clipboard.</Description>
<DisableAfterUse>0</DisableAfterUse>
<Enabled>0</Enabled>
<EventComplexityLevel>1</EventComplexityLevel>
<ID>819</ID>
<Name>Append full filepaths to clipboard</Name>
<OfficialEvent>820</OfficialEvent>
<OneInstance>1</OneInstance>
<Trigger>
<Key>^+!C</Key>
<Type>Hotkey</Type>
</Trigger>
</Event><Event>
<Actions>
<Action>
<Rename>1</Rename>
<Type>Create new file</Type>
</Action></Actions>
<Category>File Dialog</Category>
<Conditions>
<Condition>
<ListViewOnly>1</ListViewOnly>
<Negate>0</Negate>
<Type>Window is file dialog</Type>
</Condition><Condition>
<Negate>1</Negate>
<Type>Explorer is renaming</Type>
</Condition></Conditions>
<DeleteAfterUse>0</DeleteAfterUse>
<Description>Create a new text file in the directory of the currently active file dialog.</Description>
<DisableAfterUse>0</DisableAfterUse>
<Enabled>0</Enabled>
<EventComplexityLevel>0</EventComplexityLevel>
<ID>826</ID>
<Name>Create new textfile</Name>
<OfficialEvent>827</OfficialEvent>
<OneInstance>0</OneInstance>
<Trigger>
<Key>F7</Key>
<Type>Hotkey</Type>
</Trigger>
</Event><Event>
<Actions>
<Action>
<Rename>1</Rename>
<Type>Create new folder</Type>
</Action></Actions>
<Category>File Dialog</Category>
<Conditions>
<Condition>
<ListViewOnly>1</ListViewOnly>
<Negate>0</Negate>
<Type>Window is file dialog</Type>
</Condition><Condition>
<Negate>1</Negate>
<Type>Explorer is renaming</Type>
</Condition></Conditions>
<DeleteAfterUse>0</DeleteAfterUse>
<Description>Create a new folder in the directory of the currently active file dialog.</Description>
<DisableAfterUse>0</DisableAfterUse>
<Enabled>0</Enabled>
<EventComplexityLevel>0</EventComplexityLevel>
<ID>827</ID>
<Name>Create new folder</Name>
<OfficialEvent>828</OfficialEvent>
<OneInstance>0</OneInstance>
<Trigger>
<Key>F8</Key>
<Type>Hotkey</Type>
</Trigger>
</Event><Event>
<Actions>
<Action>
<Action>Keep list entries from</Action>
<ExitOnEmptyList>1</ExitOnEmptyList>
<Filter>(.*\.jpg|.*\.bmp|.*\.png|.*\.gif)</Filter>
<List>${SelNQ}</List>
<Operator>that match regular expression</Operator>
<Type>Filter list</Type>
</Action><Action>
<Command>"%ProgramFiles%\Paint.NET\PaintDotNet.exe" ${SelNQ}</Command>
<RunAsAdmin>0</RunAsAdmin>
<Type>Run a program</Type>
<WaitForFinish>0</WaitForFinish>
</Action></Actions>
<Category>File Dialog</Category>
<Conditions>
<Condition>
<ListViewOnly>1</ListViewOnly>
<Negate>0</Negate>
<Type>Window is file dialog</Type>
</Condition></Conditions>
<DeleteAfterUse>0</DeleteAfterUse>
<Description>Open selected image files in an image editor (Paint.NET by default).</Description>
<DisableAfterUse>0</DisableAfterUse>
<Enabled>0</Enabled>
<EventComplexityLevel>0</EventComplexityLevel>
<ID>895</ID>
<Name>Open image files in image editor</Name>
<OfficialEvent>896</OfficialEvent>
<OneInstance>0</OneInstance>
<Trigger>
<Key>F3</Key>
<Type>Hotkey</Type>
</Trigger>
</Event><Event>
<Actions>
<Action>
<Action>Remove list entries from</Action>
<ExitOnEmptyList>1</ExitOnEmptyList>
<Filter>(.*\.jpg|.*\.bmp|.*\.png|.*\.gif)</Filter>
<List>${SelNQ}</List>
<Operator>that match regular expression</Operator>
<Separator>`n</Separator>
<Type>Filter list</Type>
</Action><Action>
<Command>"%ProgramFiles%\Notepad++\notepad++.exe" ${SelNQ}</Command>
<RunAsAdmin>0</RunAsAdmin>
<Type>Run a program</Type>
<WaitForFinish>0</WaitForFinish>
</Action></Actions>
<Category>File Dialog</Category>
<Conditions>
<Condition>
<ListViewOnly>1</ListViewOnly>
<Negate>0</Negate>
<Type>Window is file dialog</Type>
</Condition></Conditions>
<DeleteAfterUse>0</DeleteAfterUse>
<Description>Open selected non-image files in a text editor (Notepad++ by default).</Description>
<DisableAfterUse>0</DisableAfterUse>
<Enabled>0</Enabled>
<EventComplexityLevel>0</EventComplexityLevel>
<ID>896</ID>
<Name>Open non-image files in text editor</Name>
<OfficialEvent>897</OfficialEvent>
<OneInstance>0</OneInstance>
<Trigger>
<Key>F3</Key>
<Type>Hotkey</Type>
</Trigger>
</Event></Events>
<MajorVersion>2</MajorVersion>
<MinorVersion>6</MinorVersion>
