<filters>
<filter group-pattern="0" show-return-values="1" name="default">
<messages>
<message id="7">
</message><message id="14">
</message><message id="15">
</message><message id="8">
</message><message id="13">
</message><message id="20">
</message><message id="33">
</message><message id="32">
</message><message id="78">
</message><message id="132">
</message><message id="280">
</message><message id="8198">
</message><message id="513">
</message><message id="514">
</message><message id="512">
</message><message id="533">
</message><message id="641">
</message><message id="642">
</message><message id="673">
</message><message id="675">
</message><message id="1236">
</message></messages><classes>
</classes><highlights>
</highlights><auto-expands>
</auto-expands></filter></filters>